{
  "algo": "a2c",
  "run_id": "a2c_run10",
  "mean_reward": 0.8770058223715794,
  "std_reward": 1.1874772127902085,
  "hyperparams": {
    "learning_rate": 0.0001,
    "n_steps": 20,
    "gamma": 0.95,
    "ent_coef": 0.01
  }
}