{
  "algo": "a2c",
  "run_id": "a2c_run08",
  "mean_reward": 1.122102618819011,
  "std_reward": 1.1681527816538335,
  "hyperparams": {
    "learning_rate": 0.0001,
    "n_steps": 10,
    "gamma": 0.99,
    "ent_coef": 0.01
  }
}