{
  "algo": "a2c",
  "run_id": "a2c_run02",
  "mean_reward": 1.4872568449351897,
  "std_reward": 1.1187081784390847,
  "hyperparams": {
    "learning_rate": 0.0001,
    "n_steps": 5,
    "gamma": 0.95,
    "ent_coef": 0.01
  }
}