{
  "algo": "a2c",
  "run_id": "a2c_run03",
  "mean_reward": 1.5019366812289967,
  "std_reward": 1.157826325731308,
  "hyperparams": {
    "learning_rate": 0.0001,
    "n_steps": 5,
    "gamma": 0.99,
    "ent_coef": 0.0
  }
}