{
  "algo": "a2c",
  "run_id": "a2c_run09",
  "mean_reward": 1.0098310854536727,
  "std_reward": 1.1725946624627073,
  "hyperparams": {
    "learning_rate": 0.0001,
    "n_steps": 20,
    "gamma": 0.95,
    "ent_coef": 0.0
  }
}