{
  "algo": "a2c",
  "run_id": "a2c_run07",
  "mean_reward": 1.2655365972155546,
  "std_reward": 1.1673012078033704,
  "hyperparams": {
    "learning_rate": 0.0001,
    "n_steps": 10,
    "gamma": 0.99,
    "ent_coef": 0.0
  }
}