{
  "algo": "ppo",
  "run_id": "ppo_run01",
  "mean_reward": 1.709499964028777,
  "std_reward": 1.1405381732173698,
  "hyperparams": {
    "learning_rate": 0.0001,
    "n_steps": 128,
    "batch_size": 32,
    "gamma": 0.95,
    "n_epochs": 4
  }
}