{
  "algo": "ppo",
  "run_id": "ppo_run09",
  "mean_reward": 1.247206428297362,
  "std_reward": 1.2037718179057904,
  "hyperparams": {
    "learning_rate": 0.0001,
    "n_steps": 128,
    "batch_size": 128,
    "gamma": 0.95,
    "n_epochs": 4
  }
}