{
  "algo": "ppo",
  "run_id": "ppo_run06",
  "mean_reward": 1.9776044959232617,
  "std_reward": 1.0098493284399692,
  "hyperparams": {
    "learning_rate": 0.0001,
    "n_steps": 128,
    "batch_size": 64,
    "gamma": 0.95,
    "n_epochs": 10
  }
}