{
  "algo": "ppo",
  "run_id": "ppo_run05",
  "mean_reward": 1.6540583597122305,
  "std_reward": 1.1312695125354648,
  "hyperparams": {
    "learning_rate": 0.0001,
    "n_steps": 128,
    "batch_size": 64,
    "gamma": 0.95,
    "n_epochs": 4
  }
}