{
  "algo": "ppo",
  "run_id": "ppo_run10",
  "mean_reward": 1.7893135155875302,
  "std_reward": 1.1693025055220585,
  "hyperparams": {
    "learning_rate": 0.0001,
    "n_steps": 128,
    "batch_size": 128,
    "gamma": 0.95,
    "n_epochs": 10
  }
}