{
  "algo": "ppo",
  "run_id": "ppo_run02",
  "mean_reward": 2.0663820446043166,
  "std_reward": 1.0142569700308868,
  "hyperparams": {
    "learning_rate": 0.0001,
    "n_steps": 128,
    "batch_size": 32,
    "gamma": 0.95,
    "n_epochs": 10
  }
}