{
  "algo": "reinforce",
  "run_id": "reinforce_run09",
  "mean_reward": 0.6278395535185489,
  "std_reward": 1.1790548235056306,
  "hyperparams": {
    "lr": 0.0001,
    "gamma": 0.99,
    "hidden_dim": 128,
    "batch_size": 5
  }
}