{
  "algo": "reinforce",
  "run_id": "reinforce_run08",
  "mean_reward": 0.6834732879528019,
  "std_reward": 1.1755513558693909,
  "hyperparams": {
    "lr": 0.0001,
    "gamma": 0.99,
    "hidden_dim": 64,
    "batch_size": 10
  }
}