{
  "algo": "reinforce",
  "run_id": "reinforce_run03",
  "mean_reward": 0.6558138007733082,
  "std_reward": 1.1821789225754742,
  "hyperparams": {
    "lr": 0.0001,
    "gamma": 0.95,
    "hidden_dim": 128,
    "batch_size": 5
  }
}