{
  "algo": "reinforce",
  "run_id": "reinforce_run07",
  "mean_reward": 0.7186787299057168,
  "std_reward": 1.1487650887776437,
  "hyperparams": {
    "lr": 0.0001,
    "gamma": 0.99,
    "hidden_dim": 64,
    "batch_size": 5
  }
}