{
  "algo": "reinforce",
  "run_id": "reinforce_run10",
  "mean_reward": 0.6645750548590882,
  "std_reward": 1.1840615270210564,
  "hyperparams": {
    "lr": 0.0001,
    "gamma": 0.99,
    "hidden_dim": 128,
    "batch_size": 10
  }
}