algorithm,mean_reward,std_reward,max_reward,min_reward,mean_episode_length,stability_score,success_rate
dqn,-2.633431656775065,0.3829473430792152,-1.9297319240868092,-3.5174908339977264,24.0,0.14664866757143014,0.0
ppo,2.2425293094750183,0.7295046562745698,3.7523300796747208,1.1000943928956985,24.0,0.5321770435262783,1.0
a2c,2.2988311938794745,0.7399049364867697,3.578313425183296,0.7952167028561234,24.0,0.5474593150374907,1.0
reinforce,0.5885208660074809,1.1091558811220128,2.614888818134169,-1.7476125360710446,24.0,1.2302267686275485,0.7
